modelo,descripcion,tarifa,pvp,nota
IC-7760,"Transceptor HF/50 MHz todo modo, cabezal de control separado de la unidad RF",5599.00,6774.79,
IC-7610,Transceptor HF/50 MHz todo modo SDR,3220.00,3896.20,
IC-7300MK2,Transceptor HF/50/70 MHz todo modo,1299.00,1571.79,
IC-7300,Transceptor HF/50 MHz todo modo,1150.00,1391.50,Solo aparece en 'equipos compatibles' de la página IC-PW2
IC-9700,Transceptor tribanda VHF/UHF/1200 MHz todo modo,1645.00,1990.45,
IC-905,Transceptor multibanda VHF/UHF/SHF,3304.96,3999.00,
IC-905 PACK,Pack IC-905 + transverter CX-10G,4250.00,5142.50,
IC-705,Transceptor portátil HF/50/144/430 MHz multimodo,1039.00,1257.19,
IC-7100,Transceptor HF/VHF/UHF todo modo D-STAR,1350.00,1633.50,
IC-718,Transceptor HF todo modo,767.00,928.07,
IC-PW2,Amplificador lineal HF/50 MHz 1 kW,5290.00,6400.90,
RC-7760,Cabezal de control remoto para IC-7760 (incluye BC-267E),1750.00,2117.50,
ID-5100E,Transceptor móvil VHF/UHF D-STAR con GPS 50 W,560.00,677.60,
ID-5100E+UT-133,Pack ID-5100E + unidad Bluetooth UT-133A,595.00,719.95,
IC-2730E,Transceptor móvil VHF/UHF 50 W analógico,298.00,360.58,
IC-2730E BLACK,Transceptor móvil VHF/UHF 50 W analógico Black Edition,298.00,360.58,
IC-2730E+MBF-1+MBA-5,Pack IC-2730E + soporte MBF-1 + MBA-5,348.00,421.08,
IC-2730E+MBF-4+MBA-4,Pack IC-2730E + soporte MBF-4 + MBA-4,328.00,396.88,
ID-52E PLUS,Transceptor portátil VHF/UHF D-STAR IPX7 5 W con GPS,554.96,671.50,
ID-50E,Transceptor portátil compacto VHF/UHF D-STAR 5 W con GPS,369.00,446.49,
IC-T10,Transceptor portátil doble banda VHF/UHF FM IP67,190.00,229.90,
ID-RP2010V,Repetidor 144 MHz DV/FM 25 W,1480.00,1790.80,
ID-RD4010V,Repetidor 430 MHz DV/FM 25 W,1480.00,1790.80,
ID-RP1200VD,"Repetidor D-STAR DV/DD y FM 1,2 GHz 10 W",1528.00,1848.88,Verificar: los tres repetidores comparten bloque de precios en el PDF
IC-R8600,"Receptor base digital 0,01 MHz a 3 GHz",2270.00,2746.70,
IC-R6,"Receptor portátil AM/FM/WFM 0,1-1309,995 MHz",152.54,184.57,
IC-R15,Receptor portátil AM/FM/WFM 108-500 MHz,445.00,538.45,
HM-219,Micrófono de mano con conector de 8 pines,35.00,42.35,
SM-30,Micrófono electret de mesa con función de corte de graves,218.00,263.78,
SM-50,Micrófono de mesa dinámico,288.00,348.48,
SP-33,Altavoz externo,103.00,124.63,
SP-41,Altavoz externo de base,240.00,290.40,
SP-35,Altavoz externo con cable de 2 m,35.00,42.35,
SP-35L,Altavoz externo con cable de 6 m,38.00,45.98,
SP-38,Altavoz externo línea IC-7300,160.00,193.60,
SP-30,Altavoz externo 102 mm (2 W / 30 W máx.),120.00,145.20,
SP-39AD,Altavoz externo con fuente de alimentación,226.00,273.46,
SP-27,Auricular de tubo,22.00,26.62,
SP-40,"Auricular con conector de 3,5 mm",25.00,30.25,
BC-267E,Adaptador CA para IC-7760,54.00,65.34,
AH-730,"Acoplador automático de antena 1,8-50 MHz",590.00,713.90,
AH-740,"Antena de sintonía automática 2,5-30 MHz",1975.00,2389.75,
AH-5NV,Elemento de antena para AH-740,1460.00,1766.60,
AH-710,Antena dipolo plegado HF (folded dipole),450.00,544.50,
AH-8000,Antena de banda ancha 100-3300 MHz,250.00,302.50,
OPC-1465,Cable de control blindado 10 m para AH-730,60.00,72.60,
OPC-2321,Cable adaptador de control para AH-740,105.00,127.05,
RS-BA1 VER.2,Software de control remoto IP,100.00,121.00,
RC-28,Mando de sintonía remoto (Remote Encoder),259.32,313.78,
OPC-2501,Cable de retroalimentación DPD entre IC-7610 e IC-PW2,22.00,26.62,
MB-121,Asa de transporte,18.37,22.23,
LC-7610,Funda para IC-7610,60.00,72.60,
LC-7300,Funda para IC-7300,55.00,66.55,
LC-9700,Funda para IC-9700,55.00,66.55,
MB-118,Soporte de montaje,27.00,32.67,
MB-123,Soporte de montaje para vehículos,17.11,20.70,
MB-23,Soporte de montaje para vehículos (IC-718),17.00,20.57,
OPC-599,Cable adaptador ACC Din13/Din8,45.00,54.45,
OPC-1529R,Cable RS-232 tipo PC/GPS,22.00,26.62,
OPC-2350LU,Cable de datos USB para sistema Android,55.00,66.55,
OPC-2218LU,Cable de programación USB,51.00,61.71,
CS-7100,Software de programación para IC-7100,38.00,45.98,
HM-243,Micro-altavoz con conectores independientes,70.00,84.70,
OPC-2509,Cable de controladora 50 m para IC-905,215.00,260.15,
OPC-2513,Cable de controladora 20 m para IC-905,195.00,235.95,
MBF-705,Soporte de sobremesa,24.00,29.04,
AH-100,Antena colineal 10 GHz,280.00,338.80,
AH-109PB,Antena parabólica 10 GHz,1495.00,1808.95,
AH-24,"Antena colineal 2,4 GHz",280.00,338.80,
AH-56,"Antena colineal 5,6 GHz",280.00,338.80,
CX-10G,Transverter 10 GHz para IC-905,1405.00,1700.05,
BP-272,"Batería Li-Ion 7,4 V 1880 mAh",110.00,133.10,
BP-307,"Batería Li-Ion 7,2 V 3150 mAh",125.00,151.25,
BC-202IP2,Cargador rápido (incluye BC-123SE),50.00,60.50,
BC-202IP3L,Cargador rápido conectable (sin adaptador),50.00,60.50,
BC-123SE,Adaptador CA (salida CC 12 V / 1 A),20.00,24.20,
BC-228,Adaptador CA para hasta 6 unidades BC-226/BC-202IP3,55.00,66.55,
CP-22,Cable mechero convertidor CC-CC 12/24 V,50.00,60.50,
CP-23L,Cable de mechero,22.00,26.62,
CP-25H,Cable con conector tipo mechero,15.00,18.15,Verificar: columnas desplazadas en la página IC-705
OPC-2421,"Cable de alimentación CC 1,5 m con conector acodado 2,5 mm",25.00,30.25,Verificar: columnas desplazadas en la página IC-705
LC-192,Mochila multifunción de poliéster,227.00,274.67,
AH-705,Acoplador automático de antena para IC-705,360.00,435.60,
OPC-2474,Cable de control 5 m entre IC-705 y AH-705,25.00,30.25,Verificar: columnas desplazadas en la página IC-705
OPC-2475,Cable coaxial 5 m BNC entre IC-705 y AH-705,57.00,68.97,Verificar: columnas desplazadas en la página IC-705
AL-705,Antena loop magnética 7-29 MHz,370.00,447.70,
OPC-2417,Cable de datos USB (Micro B - Micro B),25.00,30.25,
OPC-2418,Cable de datos USB (Micro C - Micro B),25.00,30.25,
HM-151,Micrófono con control remoto,52.68,63.74,
HM-198,Micrófono de mano,30.00,36.30,
OPC-2253,"Cable de separación 3,5 m",52.00,62.92,
OPC-2254,Cable de separación 5 m,47.00,56.87,
MB-62,Soporte de equipo,15.44,18.68,
MBA-1,Soporte de montaje (necesita MBF-1),14.75,17.85,
MBF-1,Base de montaje frontal separable,60.00,72.60,
OPC-589,Cable adaptador de micrófono 8 pines a RJ45,25.00,30.25,
HM-154,Micrófono de mano,40.00,48.40,
HM-207,Micrófono de mano con control,62.00,75.02,
HM-209,Micrófono de mano con cancelación activa de ruido,85.00,102.85,
HM-249,Micrófono manos libres para transceptores móviles,128.00,154.88,
MBA-2,Soporte de montaje,21.00,25.41,
MBA-4,Soporte combinado,30.00,36.30,
MBA-5,Soporte del controlador,20.00,24.20,
MBF-4,Soporte de montaje,12.00,14.52,
OPC-478UD,Cable de programación USB (módem clónico serie M/F),60.00,72.60,
UT-133A,Unidad Bluetooth interna,61.50,74.42,
OPC-440,Cable de extensión de micrófono 5 m,67.00,81.07,
OPC-647,"Cable de extensión de micrófono 2,5 m",62.00,75.02,
OPC-2500,Cable de extensión 2 m para HM-249,32.00,38.72,
OPC-1156,"Cable de extensión de carátula 3,5 m",26.00,31.46,
OPC-474,Cable clónico maestro-esclavo para portátiles serie F,11.00,13.31,
HM-153LS,"Micro-auricular duradero, conector delgado tipo L",94.00,113.74,
HM-166LS,"Micro-auricular ligero, conector delgado tipo L",55.00,66.55,
HM-183LS,Micro-altavoz IPX7,77.00,93.17,
HM-186LS,"Micro-altavoz compacto, conector tipo L",37.00,44.77,
HM-243LS,Micro-altavoz con conectores independientes,115.00,139.15,
HS-94,Auricular tipo gancho,21.00,25.41,
HS-95,Auricular tipo brazo en el cuello,175.00,211.75,
HS-97,Auricular con micrófono de garganta,31.00,37.51,
BC-167SD,Cargador lento de pared 12 V / 500 mAh,16.00,19.36,
BC-258E,Adaptador CA,19.50,23.60,
CP-12L,Cable de alimentación mechero con filtro,32.00,38.72,
OPC-254L,Cable de alimentación,30.00,36.30,
MB-127,Clip de sujeción,7.66,9.27,
LC-193,Funda para ID-52E,25.00,30.25,
LC-202,Funda para ID-50E,25.00,30.25,
LC-203,Funda para IC-R15,25.00,30.25,
LC-G1004,Funda de hombro ajustable con gancho de micrófono,47.00,56.87,
AD-92SMA,Adaptador de antena SMA-BNC,15.00,18.15,
FA-S270C,Antena doble banda VHF/UHF,20.00,24.20,
OPC-2006LS,Cable adaptador de conectores para operación VOX,18.00,21.78,
OPC-2144,Cable adaptador conector delgado tipo L,16.00,19.36,
OPC-2480,Cable USB tipo C,7.00,8.47,
HM-153LA,Micro-auricular,94.00,113.74,
HM-158LA,Micro-altavoz,36.00,43.56,
HM-159LA,Micro-altavoz,58.00,70.18,
HM-166LA,Micro-auricular de solapa con clip giratorio,55.00,66.55,
HM-168LWP,Micrófono de mano IP67,95.00,114.95,
HM-222HLWP,"Micro-altavoz IP68, 2 pines, conector delgado tipo L (serie IC-F1000/2000/29/3002/4002)",125.00,151.25,
HS-94LWP,Micro-auricular con conector waterproof acodado,37.00,44.77,
HS-95LWP,"Micro-auricular con soporte de nuca, conector waterproof",200.00,242.00,
BP-280,Batería Li-Ion 2400 mAh,90.00,108.90,
BC-213,Cargador unitario de sobremesa (incluye alimentador),35.00,42.35,
BC-214N,Cargador rápido múltiple (AD-130 + BC-157S),330.00,399.30,
BC-157S,Adaptador de CA,110.00,133.10,
BC-242,Adaptador de CA,20.00,24.20,
AD-149H,Adaptador de alimentación CC,53.00,64.13,
MB-130,Soporte cargador para vehículo,45.92,55.56,
MB-133,Clip tipo cocodrilo,8.00,9.68,
UX-262,Unidad interna LTE para repetidores ID-RP2010/RD4010,340.00,411.40,
AD-55NS,Adaptador CA para IC-R8600,50.00,60.50,
CS-R8600,Software de programación para IC-R8600,53.00,64.13,
RS-R8600,Software de control remoto IP para IC-R8600,128.00,154.88,
BC-194,Base cargador para BC-196SD o CP-18E,20.00,24.20,Verificar: columnas desplazadas en la página IC-R6
BC-153SE,Cargador 6 V / 1 A,18.00,21.78,Verificar: columnas desplazadas en la página IC-R6
BC-223,Cargador de sobremesa para IC-R15,41.00,49.61,
CS-R15,Software de programación para IC-R15 (USB),45.00,54.45,
BP-287,"Batería Li-Ion 3,6 V",103.00,124.63,
BP-293,Caja portapilas 3 x AA (LR6),52.00,62.92,
CS-905,Software de programación,,,S/C (sin cargo)
CS-705,Software de programación,,,S/C (sin cargo)
CS-9700,Software de programación,,,S/C (sin cargo)
CS-5100,Software de programación,,,S/C (sin cargo)
CS-2730,Software de programación,,,S/C (sin cargo)
CS-52PLUS,Software de programación,,,S/C (sin cargo)
CS-50,Software de programación,,,S/C (sin cargo)
CS-T10,Software de programación,,,S/C (sin cargo)
CS-R6,Software de programación,,,S/C (sin cargo)
RS-MS1A,Aplicación Android,,,S/C (sin cargo)
RS-MS1I,Aplicación iOS,,,S/C (sin cargo)
RS-MS3A,Aplicación modo terminal/punto de acceso Android,,,S/C (sin cargo)
RS-MS3I,Aplicación modo terminal/punto de acceso iOS,,,S/C (sin cargo)
RS-MS3W,Aplicación modo terminal/punto de acceso Windows,,,S/C (sin cargo)
ST-4001A,Software de envío de imagen Android,,,S/C (sin cargo)
ST-4001I,Software de envío de imagen iOS,,,S/C (sin cargo)
ST-4001W,Software de envío de imagen Windows,,,S/C (sin cargo)
ST-4002A,Software GPS Android,,,S/C (sin cargo)
ST-4003A,Software de ajuste horario Android,,,S/C (sin cargo)
ST-4003W,Software de ajuste horario Windows,,,S/C (sin cargo)
ST-ID50A,Aplicación Android ID-50E,,,S/C (sin cargo)
ST-ID50W,Aplicación Windows ID-50E,,,S/C (sin cargo)
RS-PW2,Software IC-PW2 (Microsoft Store),,,Se vende en Microsoft Store
